,User ID,Rating
count,4.0,4.0
mean,102.5,3.25
std,1.2909944487358056,1.707825127659933
min,101.0,1.0
25%,101.75,2.5
50%,102.5,3.5
75%,103.25,4.25
max,104.0,5.0
