,User ID,Rating
User ID,1.0,-0.8315218406202999
Rating,-0.8315218406202999,1.0
