,Employee ID,Salary,Performance Score
count,4.0,4.0,4.0
mean,1002.5,78000.0,4.125
std,1.2909944487358056,12884.098726725126,0.29860788111948205
min,1001.0,65000.0,3.8
25%,1001.75,70250.0,3.95
50%,1002.5,76000.0,4.1
75%,1003.25,83750.0,4.275
max,1004.0,95000.0,4.5
