,Employee ID,Salary,Performance Score
Employee ID,1.0,-0.38076228762669595,-0.4755714712838288
Salary,-0.38076228762669595,1.0,0.8577458589601152
Performance Score,-0.4755714712838288,0.8577458589601152,1.0
