,Year_Level,Enrolled_Students,Average_GPA,Tuition_USD,Scholarship_Recipients
Year_Level,1.0,-0.023658782048407427,-0.8095033053521228,0.7675770211580792,-0.36016292434747216
Enrolled_Students,-0.023658782048407427,1.0,-0.37234876109331827,0.28578424840948785,0.9899882954455521
Average_GPA,-0.8095033053521228,-0.37234876109331827,1.0,-0.9573882612091841,-0.15863959265222224
Tuition_USD,0.7675770211580792,0.28578424840948785,-0.9573882612091841,1.0,0.0469208126036343
Scholarship_Recipients,-0.36016292434747216,0.9899882954455521,-0.15863959265222224,0.0469208126036343,1.0
