,Sales Amount,Profit Margin,Customer Rating
count,6.0,6.0,6.0
mean,482.7483333333333,0.30833333333333335,4.083333333333333
std,594.9117598574319,0.13197221929886102,0.8841191473249895
min,25.99,0.15,2.5
25%,67.5,0.21250000000000002,3.9499999999999997
50%,210.25,0.3,4.15
75%,750.125,0.3875,4.65
max,1500.0,0.5,5.0
