,Sales Amount,Profit Margin,Customer Rating
Sales Amount,1.0,-0.4315003915877429,0.6769074635865006
Profit Margin,-0.4315003915877429,1.0,-0.40995607848726
Customer Rating,0.6769074635865006,-0.40995607848726,1.0
